size,graham,jarvis
10,1.59e-05,2.83e-05
100,8.16e-05,0.0004676
1000,0.0004772,0.0047722
10000,0.0054906,0.085279
