size,time
10,1.66e-05
100,0.0001102
1000,0.0011095
10000,0.0055752
