size,graham,jarvis
10,7e-06,1.27e-05
100,3.89e-05,0.0002096
1000,0.0005486,0.0052447
10000,0.0061924,0.112527
